Designator,Mid X,Mid Y,Rotation,Layer
C1,251.079,-260.1102,180.0,top
C10,282.9356,-199.881,270.0,top
C100,87.1206,-144.7413,60.0,top
C101,82.74,-194.51,90.0,top
C102,103.8306,-239.8013,120.0,top
C103,144.7413,-268.4794,150.0,top
C104,194.51,-272.86,180.0,top
C105,239.8013,-251.7694,210.0,top
C106,268.4794,-210.8587,240.0,top
C11,281.9196,-189.4658,90.0,top
C12,281.8024,-229.2613,270.0,top
C13,280.6848,-218.6949,90.0,top
C14,71.8566,-253.2736,270.0,top
C15,70.8914,-242.7568,90.0,top
C16,156.1754,-286.9692,0.0,top
C17,145.7054,-287.8836,180.0,top
C18,128.3318,-286.898,0.0,top
C19,117.7882,-287.8124,180.0,top
C2,224.0194,-287.6296,0.0,top
C20,100.7034,-286.9508,0.0,top
C21,90.0582,-287.916,180.0,top
C22,100.7018,-268.3256,0.0,top
C23,90.2318,-269.24,180.0,top
C24,71.7804,-224.0052,270.0,top
C25,69.85,-213.2844,90.0,top
C26,223.994,-286.5882,0.0,top
C27,268.351,-246.1214,270.0,top
C28,203.985,-287.1046,0.0,top
C29,183.9748,-286.6042,0.0,top
C3,213.9462,-286.7152,180.0,top
C30,282.9356,-202.675,90.0,top
C31,286.5424,-202.675,90.0,top
C32,281.8024,-232.3321,90.0,top
C33,285.369,-232.3321,90.0,top
C34,71.8566,-256.4232,90.0,top
C35,75.4126,-256.418,90.0,top
C36,159.1648,-283.4234,180.0,top
C37,159.236,-286.9946,180.0,top
C38,131.1884,-286.9184,180.0,top
C39,131.1994,-283.3928,180.0,top
C4,267.2842,-246.096,270.0,top
C40,103.6692,-286.9854,180.0,top
C41,103.6726,-283.4456,180.0,top
C42,103.4626,-268.3256,180.0,top
C43,103.389,-264.8712,180.0,top
C44,71.7804,-227.4824,90.0,top
C45,75.2856,-227.4824,90.0,top
C46,77.5004,-212.8064,270.0,top
C47,271.6412,-168.8846,180.0,top
C48,271.6342,-176.3522,180.0,top
C49,271.6596,-181.6354,180.0,top
C5,268.1732,-236.1458,90.0,top
C50,271.7104,-187.0202,180.0,top
C51,254.6111,-123.1584,210.0,top
C52,258.3389,-129.6291,210.0,top
C53,261.0025,-134.1918,210.0,top
C54,263.7389,-138.8297,210.0,top
C55,216.9996,-92.0735,240.0,top
C56,223.4633,-95.8133,240.0,top
C57,228.0514,-98.4329,240.0,top
C58,232.7401,-101.0813,240.0,top
C59,168.8846,-83.9588,270.0,top
C6,203.957,-288.1206,0.0,top
C60,176.3522,-83.9658,270.0,top
C61,181.6354,-83.9404,270.0,top
C62,187.0202,-83.8896,270.0,top
C63,123.1585,-100.9889,300.0,top
C64,129.6291,-97.2611,300.0,top
C65,134.1918,-94.5975,300.0,top
C66,138.8297,-91.8611,300.0,top
C67,92.0735,-138.6004,330.0,top
C68,95.8133,-132.1367,330.0,top
C69,98.4329,-127.5486,330.0,top
C7,193.9474,-286.6982,180.0,top
C70,101.0813,-122.8599,330.0,top
C71,83.9588,-186.7154,0.0,top
C72,83.9658,-179.2478,0.0,top
C73,83.9404,-173.9646,0.0,top
C74,83.8896,-168.5798,0.0,top
C75,100.9889,-232.4415,30.0,top
C76,97.2611,-225.9709,30.0,top
C77,94.5975,-221.4082,30.0,top
C78,91.8611,-216.7703,30.0,top
C79,138.6004,-263.5265,60.0,top
C8,183.9748,-287.6202,0.0,top
C80,132.1367,-259.7867,60.0,top
C81,127.5486,-257.1671,60.0,top
C82,122.8599,-254.5187,60.0,top
C83,186.7154,-271.6412,90.0,top
C84,179.2478,-271.6342,90.0,top
C85,173.9646,-271.6596,90.0,top
C86,168.5798,-271.7104,90.0,top
C87,232.4415,-254.6111,120.0,top
C88,225.9709,-258.3389,120.0,top
C89,221.4082,-261.0025,120.0,top
C9,173.9444,-286.8074,180.0,top
C90,216.7703,-263.7389,120.0,top
C91,263.5265,-216.9996,150.0,top
C92,259.7867,-223.4633,150.0,top
C93,257.1671,-228.0514,150.0,top
C94,254.5187,-232.7401,150.0,top
C95,272.86,-161.09,270.0,top
C96,251.7694,-115.7987,300.0,top
C97,210.8587,-87.1206,330.0,top
C98,161.09,-82.74,0.0,top
C99,115.7987,-103.8306,30.0,top
J1,284.0736,-92.202,270.0,top
J2,288.701,-162.39,90.0,top
J3,288.701,-153.379,90.0,top
J4,95.0,-71.5292,0.0,top
P1,266.474,-177.8,270.0,top
P10,177.8,-266.474,180.0,top
P11,222.137,-254.594,210.0,top
P12,254.594,-222.137,240.0,top
P2,254.594,-133.463,300.0,top
P3,222.137,-101.006,330.0,top
P4,177.8,-89.126,0.0,top
P5,133.463,-101.006,30.0,top
P6,101.006,-133.463,60.0,top
P7,89.126,-177.8,90.0,top
P8,101.006,-222.137,120.0,top
P9,133.463,-254.594,150.0,top
Q1,72.8885,-199.767,0.0,top
R1,73.9902,-202.6138,270.0,top
R10,275.6154,-254.1504,90.0,top
R100,117.7674,-282.7324,0.0,top
R101,117.7654,-281.7164,0.0,top
R102,117.7674,-280.7004,0.0,top
R103,90.0374,-288.932,0.0,top
R104,90.0374,-286.9,0.0,top
R105,90.0374,-285.884,0.0,top
R106,90.0374,-284.868,0.0,top
R107,90.0374,-283.852,0.0,top
R108,90.0374,-282.836,0.0,top
R109,90.0374,-281.82,0.0,top
R11,273.2024,-255.0394,90.0,top
R110,90.0374,-280.804,0.0,top
R111,90.211,-270.256,0.0,top
R112,90.209,-268.224,0.0,top
R113,90.211,-267.208,0.0,top
R114,90.209,-266.192,0.0,top
R115,90.211,-265.176,0.0,top
R116,90.207,-264.16,0.0,top
R117,90.207,-263.144,0.0,top
R118,90.211,-262.128,0.0,top
R119,68.834,-213.2844,270.0,top
R12,270.8402,-255.903,90.0,top
R120,70.866,-213.2844,270.0,top
R121,71.882,-213.2844,270.0,top
R122,72.898,-213.2864,270.0,top
R123,73.9648,-213.2864,270.0,top
R124,74.9808,-213.2864,270.0,top
R125,75.8952,-224.308,90.0,top
R126,76.9112,-224.308,90.0,top
R127,271.662,-167.8736,0.0,top
R128,271.662,-169.9056,0.0,top
R129,271.655,-175.3362,0.0,top
R13,268.478,-256.7158,90.0,top
R130,271.655,-177.3936,0.0,top
R131,271.6804,-180.5686,0.0,top
R132,271.6804,-182.6768,0.0,top
R133,271.7058,-185.9534,0.0,top
R134,271.7312,-188.087,0.0,top
R135,254.1237,-122.2725,30.0,top
R136,255.1397,-124.0323,30.0,top
R137,257.8489,-128.7388,30.0,top
R138,258.8776,-130.5205,30.0,top
R139,260.4871,-133.2575,30.0,top
R14,266.065,-257.6048,90.0,top
R140,261.5412,-135.0832,30.0,top
R141,263.2015,-137.9082,30.0,top
R142,264.2903,-139.7432,30.0,top
R143,216.1345,-91.5499,60.0,top
R144,217.8942,-92.5659,60.0,top
R145,222.5938,-95.2873,60.0,top
R146,224.3755,-96.316,60.0,top
R147,227.1379,-97.8815,60.0,top
R148,228.9636,-98.9356,60.0,top
R149,231.814,-100.5519,60.0,top
R15,263.6774,-258.4806,90.0,top
R150,233.6744,-101.5967,60.0,top
R151,167.8736,-83.938,90.0,top
R152,169.9056,-83.938,90.0,top
R153,175.3362,-83.945,90.0,top
R154,177.3936,-83.945,90.0,top
R155,180.5686,-83.9196,90.0,top
R156,182.6768,-83.9196,90.0,top
R157,185.9534,-83.8942,90.0,top
R158,188.087,-83.8688,90.0,top
R159,122.2725,-101.4763,120.0,top
R16,261.3152,-259.3574,90.0,top
R160,124.0323,-100.4603,120.0,top
R161,128.7388,-97.7511,120.0,top
R162,130.5205,-96.7224,120.0,top
R163,133.2575,-95.1129,120.0,top
R164,135.0832,-94.0588,120.0,top
R165,137.9082,-92.3985,120.0,top
R166,139.7432,-91.3097,120.0,top
R167,91.5499,-139.4655,150.0,top
R168,92.5659,-137.7058,150.0,top
R169,95.2873,-133.0062,150.0,top
R17,258.9276,-260.1956,90.0,top
R170,96.316,-131.2245,150.0,top
R171,97.8815,-128.4621,150.0,top
R172,98.9356,-126.6364,150.0,top
R173,100.5519,-123.786,150.0,top
R174,101.5967,-121.9256,150.0,top
R175,83.938,-187.7264,180.0,top
R176,83.938,-185.6944,180.0,top
R177,83.945,-180.2638,180.0,top
R178,83.945,-178.2064,180.0,top
R179,83.9196,-175.0314,180.0,top
R18,249.3518,-263.6754,90.0,top
R180,83.9196,-172.9232,180.0,top
R181,83.8942,-169.6466,180.0,top
R182,83.8688,-167.513,180.0,top
R183,101.4763,-233.3275,210.0,top
R184,100.4603,-231.5677,210.0,top
R185,97.7511,-226.8612,210.0,top
R186,96.7224,-225.0795,210.0,top
R187,95.1129,-222.3425,210.0,top
R188,94.0588,-220.5168,210.0,top
R189,92.3985,-217.6918,210.0,top
R19,246.9896,-264.539,90.0,top
R190,91.3097,-215.8568,210.0,top
R191,139.4655,-264.0501,240.0,top
R192,137.7058,-263.0341,240.0,top
R193,133.0062,-260.3127,240.0,top
R194,131.2245,-259.284,240.0,top
R195,128.4621,-257.7185,240.0,top
R196,126.6364,-256.6644,240.0,top
R197,123.786,-255.0481,240.0,top
R198,121.9256,-254.0033,240.0,top
R199,187.7264,-271.662,270.0,top
R2,75.6412,-199.6908,270.0,top
R20,239.8268,-273.05,270.0,top
R200,185.6944,-271.662,270.0,top
R201,180.2638,-271.655,270.0,top
R202,178.2064,-271.655,270.0,top
R203,175.0314,-271.6804,270.0,top
R204,172.9232,-271.6804,270.0,top
R205,169.6466,-271.7058,270.0,top
R206,167.513,-271.7312,270.0,top
R207,233.3275,-254.1237,300.0,top
R208,231.5677,-255.1397,300.0,top
R209,226.8612,-257.8489,300.0,top
R21,237.49,-273.6576,270.0,top
R210,225.0795,-258.8776,300.0,top
R211,222.3425,-260.4871,300.0,top
R212,220.5168,-261.5412,300.0,top
R213,217.6918,-263.2015,300.0,top
R214,215.8568,-264.2903,300.0,top
R215,264.0501,-216.1345,330.0,top
R216,263.0341,-217.8942,330.0,top
R217,260.3127,-222.5938,330.0,top
R218,259.284,-224.3755,330.0,top
R219,257.7185,-227.1379,330.0,top
R22,235.0516,-274.5212,270.0,top
R220,256.6644,-228.9636,330.0,top
R221,255.0481,-231.814,330.0,top
R222,254.0033,-233.6744,330.0,top
R223,271.6256,-172.72,0.0,top
R224,256.5154,-126.4878,30.0,top
R225,220.3134,-94.0046,60.0,top
R226,172.72,-83.9744,90.0,top
R227,126.4878,-99.0846,120.0,top
R228,94.0046,-135.2866,150.0,top
R229,83.9744,-182.88,180.0,top
R23,232.664,-275.2832,270.0,top
R230,99.0846,-229.1122,210.0,top
R231,135.2866,-261.5954,240.0,top
R232,182.88,-271.6256,270.0,top
R233,229.1122,-256.5154,300.0,top
R234,261.5954,-220.3134,330.0,top
R24,227.332,-274.066,180.0,top
R25,282.704,-267.843,180.0,top
R26,280.287,-268.732,180.0,top
R27,277.874,-269.748,180.0,top
R28,275.4864,-270.6116,180.0,top
R29,268.859,-278.513,270.0,top
R3,237.7694,-284.1772,90.0,top
R30,266.4968,-279.275,270.0,top
R31,254.5588,-283.6652,270.0,top
R32,252.1712,-284.5288,270.0,top
R33,249.8344,-285.3924,270.0,top
R34,247.2944,-280.926,90.0,top
R35,244.729,-281.6098,90.0,top
R36,242.5446,-282.4246,90.0,top
R37,240.1316,-283.2374,90.0,top
R38,235.331,-285.0408,90.0,top
R39,213.9208,-287.7312,0.0,top
R4,259.334,-281.938,270.0,top
R40,213.9208,-285.6992,0.0,top
R41,213.9188,-284.6578,0.0,top
R42,213.9188,-283.6164,0.0,top
R43,213.9168,-282.575,0.0,top
R44,213.9148,-281.5336,0.0,top
R45,267.1318,-236.1438,270.0,top
R46,269.1892,-236.1204,270.0,top
R47,270.2306,-236.1224,270.0,top
R48,271.272,-236.1184,270.0,top
R49,272.3134,-236.1184,270.0,top
R5,256.5654,-261.11,90.0,top
R50,273.3548,-236.1184,270.0,top
R51,193.9494,-287.7142,0.0,top
R52,193.9454,-285.6822,0.0,top
R53,193.9454,-284.6662,0.0,top
R54,193.9454,-283.6502,0.0,top
R55,193.9454,-282.5834,0.0,top
R56,193.9474,-281.5674,0.0,top
R57,173.9196,-287.8234,0.0,top
R58,173.9144,-285.7914,0.0,top
R59,173.9164,-284.7754,0.0,top
R6,242.189,-266.2916,90.0,top
R60,173.9204,-283.7086,0.0,top
R61,173.9184,-282.6418,0.0,top
R62,173.9184,-281.575,0.0,top
R63,282.9356,-189.443,270.0,top
R64,283.9516,-189.443,270.0,top
R65,285.0184,-189.443,270.0,top
R66,286.0344,-189.441,270.0,top
R67,287.0504,-189.441,270.0,top
R68,288.0664,-189.441,270.0,top
R69,280.9036,-189.441,270.0,top
R7,244.5512,-265.4534,90.0,top
R70,289.0824,-189.441,270.0,top
R71,279.6688,-218.6949,270.0,top
R72,281.7008,-218.6949,270.0,top
R73,282.7168,-218.6949,270.0,top
R74,283.7328,-218.6949,270.0,top
R75,284.7488,-218.6929,270.0,top
R76,285.7648,-218.6969,270.0,top
R77,286.7808,-218.6969,270.0,top
R78,287.7968,-218.6969,270.0,top
R79,69.8754,-242.734,270.0,top
R8,282.7782,-251.5342,90.0,top
R80,71.9074,-242.736,270.0,top
R81,72.9234,-242.736,270.0,top
R82,73.9394,-242.736,270.0,top
R83,74.9554,-242.736,270.0,top
R84,75.9714,-242.736,270.0,top
R85,76.9874,-242.736,270.0,top
R86,78.0034,-242.732,270.0,top
R87,145.6806,-288.8996,0.0,top
R88,145.6806,-286.8676,0.0,top
R89,145.6806,-285.8516,0.0,top
R9,278.003,-253.2868,90.0,top
R90,145.6826,-284.8356,0.0,top
R91,145.6806,-283.8196,0.0,top
R92,145.6806,-282.8036,0.0,top
R93,145.6806,-281.7876,0.0,top
R94,145.6806,-280.7716,0.0,top
R95,117.7634,-288.8284,0.0,top
R96,117.7674,-286.7964,0.0,top
R97,117.7674,-285.7804,0.0,top
R98,117.7674,-284.7644,0.0,top
R99,117.7674,-283.7484,0.0,top
SW1,284.48,-113.0027,90.0,top
U10,151.2375,-284.7046,90.0,top
U11,123.4727,-284.6518,90.0,top
U12,95.8443,-284.6862,90.0,top
U13,95.8147,-266.0806,90.0,top
U14,74.0658,-219.1461,0.0,top
U15,225.1341,-284.2666,0.0,top
U16,270.6472,-247.2615,270.0,top
U17,205.0945,-284.8288,0.0,top
U18,185.1123,-284.2826,0.0,top
U19,282.9048,-205.7578,270.0,top
U2,251.5972,-257.3979,90.0,top
U20,286.5272,-205.7709,270.0,top
U21,285.3944,-235.3721,270.0,top
U22,281.7876,-235.3873,270.0,top
U23,71.8668,-259.4665,270.0,top
U24,75.3974,-259.4665,270.0,top
U25,162.2607,-283.4386,0.0,top
U26,162.2531,-286.9794,0.0,top
U27,134.2732,-286.9508,0.0,top
U28,134.2953,-283.3776,0.0,top
U29,106.7617,-286.9844,0.0,top
U3,218.8989,-284.581,90.0,top
U30,106.7651,-283.465,0.0,top
U31,106.5077,-268.3408,0.0,top
U32,106.5077,-264.856,0.0,top
U33,71.8108,-230.5346,270.0,top
U34,75.3008,-230.5275,270.0,top
U35,77.4852,-209.6995,90.0,top
U36,274.7827,-168.8998,0.0,top
U37,274.8519,-176.3624,0.0,top
U38,274.8519,-181.6252,0.0,top
U39,274.8519,-187.0304,0.0,top
U4,270.3212,-241.0363,0.0,top
U40,257.3394,-121.6008,30.0,top
U41,261.1306,-128.029,30.0,top
U42,263.762,-132.5868,30.0,top
U43,266.4646,-137.2678,30.0,top
U44,218.5836,-89.3604,60.0,top
U45,225.081,-93.0318,60.0,top
U46,229.6387,-95.6632,60.0,top
U47,234.3197,-98.3658,60.0,top
U48,168.8998,-80.8173,90.0,top
U49,176.3624,-80.7481,90.0,top
U5,198.9124,-284.5806,90.0,top
U50,181.6252,-80.7481,90.0,top
U51,187.0304,-80.7481,90.0,top
U52,121.6009,-98.2606,120.0,top
U53,128.029,-94.4694,120.0,top
U54,132.5868,-91.838,120.0,top
U55,137.2678,-89.1354,120.0,top
U56,89.3604,-137.0164,150.0,top
U57,93.0318,-130.519,150.0,top
U58,95.6632,-125.9613,150.0,top
U59,98.3658,-121.2803,150.0,top
U6,178.8892,-284.603,90.0,top
U60,80.8173,-186.7002,180.0,top
U61,80.7481,-179.2376,180.0,top
U62,80.7481,-173.9748,180.0,top
U63,80.7481,-168.5696,180.0,top
U64,98.2606,-233.9991,210.0,top
U65,94.4694,-227.571,210.0,top
U66,91.838,-223.0132,210.0,top
U67,89.1354,-218.3322,210.0,top
U68,137.0164,-266.2396,240.0,top
U69,130.519,-262.5682,240.0,top
U7,285.2236,-194.9198,0.0,top
U70,125.9613,-259.9368,240.0,top
U71,121.2803,-257.2342,240.0,top
U72,186.7002,-274.7827,270.0,top
U73,179.2376,-274.8519,270.0,top
U74,173.9748,-274.8519,270.0,top
U75,168.5696,-274.8519,270.0,top
U76,233.9991,-257.3394,300.0,top
U77,227.571,-261.1306,300.0,top
U78,223.0132,-263.762,300.0,top
U79,218.3322,-266.4646,300.0,top
U8,284.0884,-224.3337,0.0,top
U80,266.2396,-218.5836,330.0,top
U81,262.5682,-225.081,330.0,top
U82,259.9368,-229.6387,330.0,top
U83,257.2342,-234.3197,330.0,top
U9,74.1426,-248.4196,0.0,top
